Workbook

Sheet Feuil1
B1: Graphite Sensor
B4: Crayon 2HB
B5: Rayon de courbure (m) | C5: Déformation (m) | D5: Tension | E5: Resistance (ohm)
B6: 0 | C6: 0 | D6: 4.99 | E6: 80146904
B7: 0.01 | C7: ='Mise en tension'!$B$2/(2*B7) -> 10
B8: 0.0125 | C8: ='Mise en tension'!$B$2/(2*B8) -> 8
B9: 0.015 | C9: ='Mise en tension'!$B$2/(2*B9) -> 6.6666667
B10: 0.0175 | C10: ='Mise en tension'!$B$2/(2*B10) -> 5.7142857
A11: 1 | B11: 0.02 | C11: ='Mise en tension'!$B$2/(2*B11) -> 5 | D11: 2.52 | E11: 158692912
B12: 0.0225 | C12: ='Mise en tension'!$B$2/(2*B12) -> 4.4444444
A13: 2 | B13: 0.025 | C13: ='Mise en tension'!$B$2/(2*B13) -> 4 | D13: 2.35 | E13: 170603136
A14: 3 | B14: 0.03 | C14: ='Mise en tension'!$B$2/(2*B14) -> 3.3333333 | D14: 2.31 | E14: 173129536
A15: 4 | B15: 0.035 | C15: ='Mise en tension'!$B$2/(2*B15) -> 2.8571429 | D15: 1.96 | E15: 203726560
B16: 0.04 | C16: ='Mise en tension'!$B$2/(2*B16) -> 2.5
B17: 0.045 | C17: ='Mise en tension'!$B$2/(2*B17) -> 2.2222222
A21: 0 | B21: 1 | C21: ='Mise en tension'!$B$2/(2*B21) -> 0.1
A22: 1 | B22: 0.045 | C22: ='Mise en tension'!$B$2/(2*B22) -> 2.2222222 | D22: 2.52 | E22: 158692912
A23: 2 | B23: 0.04 | C23: ='Mise en tension'!$B$2/(2*B23) -> 2.5 | D23: 2.35 | E23: 170603136
A24: 3 | B24: 0.035 | C24: ='Mise en tension'!$B$2/(2*B24) -> 2.8571429 | D24: 2.31 | E24: 173129536
A25: 4 | B25: 0.03 | C25: ='Mise en tension'!$B$2/(2*B25) -> 3.3333333 | D25: 1.96 | E25: 203726560
A26: 5 | B26: 0.025 | C26: ='Mise en tension'!$B$2/(2*B26) -> 4 | D26: 1.99 | E26: 201222432
A27: 6 | B27: 0.02 | C27: ='Mise en tension'!$B$2/(2*B27) -> 5 | D27: 1.95 | E27: 205259168

Sheet Mise en tension
A1: TENSION
A2: e (mm) | B2: 0.2 | C2: 160 g.m-2
A4: Crayon 2HB | B4: pot 128
A5: Numéro cercle | B5: Rayon (mm) | C5: Courbure (mm-1) | D5: Déformation | E5: Tension | F5: Resistance (ohm)
A6: 0 | C6: 0 | D6: 0 | E6: 4.99 | F6: 80146904
A7: 1 | B7: 10 | C7: =1/$B7 -> 0.1 | D7: =$B$2/(2*$B7) -> 0.01 | E7: 2.52 | F7: 158692912
A8: 2 | B8: 12.5 | C8: =1/$B8 -> 0.08 | D8: =$B$2/(2*$B8) -> 0.008 | E8: 2.35 | F8: 170603136
A9: 3 | B9: 15 | C9: =1/$B9 -> 0.066666667 | D9: =$B$2/(2*$B9) -> 0.0066666667 | E9: 2.31 | F9: 173129536
A10: 4 | B10: 17.5 | C10: =1/$B10 -> 0.057142857 | D10: =$B$2/(2*$B10) -> 0.0057142857 | E10: 1.96 | F10: 203726560
A11: 5 | B11: 20 | C11: =1/$B11 -> 0.05 | D11: =$B$2/(2*$B11) -> 0.005 | E11: 1.99 | F11: 201222432
A12: 6 | B12: 22.5 | C12: =1/$B12 -> 0.044444444 | D12: =$B$2/(2*$B12) -> 0.0044444444 | E12: 1.95 | F12: 205259168
A15: Crayon HB | B15: pot 1
A16: Numéro cercle | B16: Rayon (mm) | C16: Courbure (mm-1) | D16: Déformation | E16: Tension | F16: Resistance (ohm) | H16: ΔR/R0
A17: 0 | C17: 0 | D17: 0 | E17: 3.89 | F17: 39012388 | H17: =(F17-$F$17)/$F$17 -> 0
A18: 1 | B18: 10 | C18: =1/$B18 -> 0.1 | D18: =$B$2/(2*$B18) -> 0.01 | E18: 3.56 | F18: 42612940 | H18: =(F18-$F$17)/$F$17 -> 0.09229253
A19: 2 | B19: 12.5 | C19: =1/$B19 -> 0.08 | D19: =$B$2/(2*$B19) -> 0.008 | E19: 3.05 | F19: 49733432 | H19: =(F19-$F$17)/$F$17 -> 0.27481127
A20: 3 | B20: 15 | C20: =1/$B20 -> 0.066666667 | D20: =$B$2/(2*$B20) -> 0.0066666667 | E20: 2.93 | F20: 51813704 | H20: =(F20-$F$17)/$F$17 -> 0.32813464
A21: 4 | B21: 17.5 | C21: =1/$B21 -> 0.057142857 | D21: =$B$2/(2*$B21) -> 0.0057142857 | E21: 2.64 | F21: 57380384 | H21: =(F21-$F$17)/$F$17 -> 0.4708247
A22: 5 | B22: 20 | C22: =1/$B22 -> 0.05 | D22: =$B$2/(2*$B22) -> 0.005 | E22: 2.5 | F22: 60636680 | H22: =(F22-$F$17)/$F$17 -> 0.55429296
A23: 6 | B23: 22.5 | C23: =1/$B23 -> 0.044444444 | D23: =$B$2/(2*$B23) -> 0.0044444444 | E23: 2.51 | F23: 60400312 | H23: =(F23-$F$17)/$F$17 -> 0.54823417
A26: Crayon HB | B26: pot 4
A27: Numéro cercle | B27: Rayon (mm) | C27: Courbure (mm-1) | D27: Déformation | E27: Tension | F27: Resistance (ohm) | H27: ΔR/R0
A28: 0 | C28: 0 | D28: 0 | E28: 3.21 | F28: 16470577 | H28: =(F28-$F$28)/$F$28 -> 0
A29: 1 | B29: 10 | C29: =1/$B29 -> 0.1 | D29: =$B$2/(2*$B29) -> 0.01 | E29: 1.96 | F29: 26988106 | H29: =(F29-$F$28)/$F$28 -> 0.6385647
A30: 2 | B30: 12.5 | C30: =1/$B30 -> 0.08 | D30: =$B$2/(2*$B30) -> 0.008 | E30: 2.46 | F30: 21503966 | H30: =(F30-$F$28)/$F$28 -> 0.30559883
A31: 3 | B31: 15 | C31: =1/$B31 -> 0.066666667 | D31: =$B$2/(2*$B31) -> 0.0066666667 | E31: 2.56 | F31: 20718756 | H31: =(F31-$F$28)/$F$28 -> 0.25792533
A32: 4 | B32: 17.5 | C32: =1/$B32 -> 0.057142857 | D32: =$B$2/(2*$B32) -> 0.0057142857 | E32: 2.83 | F32: 18704230 | H32: =(F32-$F$28)/$F$28 -> 0.13561474
A33: 5 | B33: 20 | C33: =1/$B33 -> 0.05 | D33: =$B$2/(2*$B33) -> 0.005 | E33: 2.9 | F33: 18229122 | H33: =(F33-$F$28)/$F$28 -> 0.10676888
A34: 6 | B34: 22.5 | C34: =1/$B34 -> 0.044444444 | D34: =$B$2/(2*$B34) -> 0.0044444444 | E34: 2.98 | F34: 17777420 | H34: =(F34-$F$28)/$F$28 -> 0.079344093
A37: Crayon 2B | B37: pot …
A38: Numéro cercle | B38: Rayon (mm) | C38: Courbure (mm-1) | D38: Déformation | E38: Tension | F38: Resistance (ohm)
A39: 0 | C39: 0 | D39: 0
A40: 1 | B40: 10 | C40: =1/$B40 -> 0.1 | D40: =$B$2/(2*$B40) -> 0.01
A41: 2 | B41: 12.5 | C41: =1/$B41 -> 0.08 | D41: =$B$2/(2*$B41) -> 0.008
A42: 3 | B42: 15 | C42: =1/$B42 -> 0.066666667 | D42: =$B$2/(2*$B42) -> 0.0066666667
A43: 4 | B43: 17.5 | C43: =1/$B43 -> 0.057142857 | D43: =$B$2/(2*$B43) -> 0.0057142857
A44: 5 | B44: 20 | C44: =1/$B44 -> 0.05 | D44: =$B$2/(2*$B44) -> 0.005
A45: 6 | B45: 22.5 | C45: =1/$B45 -> 0.044444444 | D45: =$B$2/(2*$B45) -> 0.0044444444

Sheet Mise en compression
A1: COMPRESSION
A2: e (mm) | B2: 0.19 | C2: 160 g.m-2
A4: Crayon 2HB | B4: pot 128
A5: Numéro cercle | B5: Rayon (mm) | C5: Courbure (mm-1) | D5: Déformation | E5: Tension | F5: Resistance (ohm)
A6: 0 | C6: 0 | D6: 0
A7: 1 | B7: 10 | C7: =1/$B7 -> 0.1 | D7: =$B$2/(2*$B7) -> 0.0095
A8: 2 | B8: 12.5 | C8: =1/$B8 -> 0.08 | D8: =$B$2/(2*$B8) -> 0.0076
A9: 3 | B9: 15 | C9: =1/$B9 -> 0.066666667 | D9: =$B$2/(2*$B9) -> 0.0063333333
A10: 4 | B10: 17.5 | C10: =1/$B10 -> 0.057142857 | D10: =$B$2/(2*$B10) -> 0.0054285714
A11: 5 | B11: 20 | C11: =1/$B11 -> 0.05 | D11: =$B$2/(2*$B11) -> 0.00475
A12: 6 | B12: 22.5 | C12: =1/$B12 -> 0.044444444 | D12: =$B$2/(2*$B12) -> 0.0042222222
A15: Crayon HB | B15: pot 43
A16: Numéro cercle | B16: Rayon (mm) | C16: Courbure (mm-1) | D16: Déformation | E16: Tension | F16: Resistance (ohm) | H16: ΔR/R0
A17: 0 | C17: 0 | D17: 0 | E17: 0.21 | F17: 29461570 | H17: =(F17-$F$17)/$F$17 -> 0
A18: 1 | B18: 10 | C18: =1/$B18 -> 0.1 | D18: =$B$2/(2*$B18) -> 0.0095 | E18: 0.33 | F18: 18154792 | H18: =(F18-$F$17)/$F$17 -> -0.38378057
A19: 2 | B19: 12.5 | C19: =1/$B19 -> 0.08 | D19: =$B$2/(2*$B19) -> 0.0076 | E19: 0.36 | F19: 16903780 | H19: =(F19-$F$17)/$F$17 -> -0.42624307
A20: 3 | B20: 15 | C20: =1/$B20 -> 0.066666667 | D20: =$B$2/(2*$B20) -> 0.0063333333 | E20: 0.43 | F20: 14003703 | H20: =(F20-$F$17)/$F$17 -> -0.524679
A21: 4 | B21: 17.5 | C21: =1/$B21 -> 0.057142857 | D21: =$B$2/(2*$B21) -> 0.0054285714 | E21: 0.49 | F21: 12187088 | H21: =(F21-$F$17)/$F$17 -> -0.58633949
A22: 5 | B22: 20 | C22: =1/$B22 -> 0.05 | D22: =$B$2/(2*$B22) -> 0.00475 | E22: 0.53 | F22: 11390055 | H22: =(F22-$F$17)/$F$17 -> -0.6133928
A23: 6 | B23: 22.5 | C23: =1/$B23 -> 0.044444444 | D23: =$B$2/(2*$B23) -> 0.0042222222 | E23: 0.37 | F23: 16232183 | H23: =(F23-$F$17)/$F$17 -> -0.44903876
A26: Crayon HB | B26: pot 4
A27: Numéro cercle | B27: Rayon (mm) | C27: Courbure (mm-1) | D27: Déformation | E27: Tension | F27: Resistance (ohm) | H27: ΔR/R0
A28: 0 | C28: 0 | D28: 0 | E28: 0.85 | F28: 62495968 | H28: =(F28-$F$28)/$F$28 -> 0
A29: 1 | B29: 10 | C29: =1/$B29 -> 0.1 | D29: =$B$2/(2*$B29) -> 0.0095 | E29: 2.09 | F29: 25401568 | H29: =(F29-$F$28)/$F$28 -> -0.59354869
A30: 2 | B30: 12.5 | C30: =1/$B30 -> 0.08 | D30: =$B$2/(2*$B30) -> 0.0076 | E30: 2 | F30: 26524326 | H30: =(F30-$F$28)/$F$28 -> -0.5755834
A31: 3 | B31: 15 | C31: =1/$B31 -> 0.066666667 | D31: =$B$2/(2*$B31) -> 0.0063333333 | E31: 1.88 | F31: 28258330 | H31: =(F31-$F$28)/$F$28 -> -0.54783755
A32: 4 | B32: 17.5 | C32: =1/$B32 -> 0.057142857 | D32: =$B$2/(2*$B32) -> 0.0054285714 | E32: 1.7 | F32: 31283196 | H32: =(F32-$F$28)/$F$28 -> -0.49943657
A33: 5 | B33: 20 | C33: =1/$B33 -> 0.05 | D33: =$B$2/(2*$B33) -> 0.00475 | E33: 1.54 | F33: 34362908 | H33: =(F33-$F$28)/$F$28 -> -0.450158
A34: 6 | B34: 22.5 | C34: =1/$B34 -> 0.044444444 | D34: =$B$2/(2*$B34) -> 0.0042222222 | E34: 1.48 | F34: 35960988 | H34: =(F34-$F$28)/$F$28 -> -0.42458707
A37: Crayon 2B | B37: pot …
A38: Numéro cercle | B38: Rayon (mm) | C38: Courbure (mm-1) | D38: Déformation | E38: Tension | F38: Resistance (ohm)
A39: 0 | C39: 0 | D39: 0
A40: 1 | B40: 10 | C40: =1/$B40 -> 0.1 | D40: =$B$2/(2*$B40) -> 0.0095
A41: 2 | B41: 12.5 | C41: =1/$B41 -> 0.08 | D41: =$B$2/(2*$B41) -> 0.0076
A42: 3 | B42: 15 | C42: =1/$B42 -> 0.066666667 | D42: =$B$2/(2*$B42) -> 0.0063333333
A43: 4 | B43: 17.5 | C43: =1/$B43 -> 0.057142857 | D43: =$B$2/(2*$B43) -> 0.0054285714
A44: 5 | B44: 20 | C44: =1/$B44 -> 0.05 | D44: =$B$2/(2*$B44) -> 0.00475
A45: 6 | B45: 22.5 | C45: =1/$B45 -> 0.044444444 | D45: =$B$2/(2*$B45) -> 0.0042222222
